,loop_id,rmse
0,0,1.132154251784464e-06
1,1,6.992554780559895e-07
2,2,1.0306102058819552e-05
3,3,1.7803510424613948e-05
4,4,0.00027986819882179655
5,5,0.0006665909975752624
6,6,0.0005903192847369475
7,7,1.0484620647950959e-06
8,8,3.2703081600052052e-06
9,9,9.775752372685808e-07
10,10,1.551171521954937e-06
11,11,2.6374586038455694e-05
12,12,1.403930053865588e-06
13,13,9.01570376077492e-06
14,14,5.105335124805517e-06
15,15,2.473514979470395e-06
16,16,2.1738995975945557e-05
17,17,0.000949433890539989
18,18,1.7108573355990703e-06
19,19,1.2829316069169986e-05
20,20,1.0144794236617673e-06
21,21,1.0050816255907145e-06
22,22,1.6322067689190692e-05
23,23,2.5961291723156222e-06
24,24,1.5850076495121642e-06
25,25,3.6982765930288562e-06
26,26,3.0365295700235475e-05
27,27,2.515766326031063e-06
28,28,7.357238327342417e-07
29,29,9.001842217945452e-07
30,30,1.2196786008588692e-05
31,31,1.359322487470732e-06
32,32,2.6166002317778797e-06
33,33,9.961609101013824e-07
34,34,1.022029840212881e-05
35,35,1.4603263762591923e-05
36,36,6.038164306882192e-06
37,37,2.9214437527118435e-06
38,38,4.150751522727423e-06
39,39,1.8446362831712854e-06
40,40,1.201842520954328e-06
41,41,1.1146720308012392e-06
42,42,2.5958560951981507e-06
43,43,2.75759108849107e-06
44,44,6.352284050467696e-06
45,45,2.972883967957627e-06
46,46,9.04411286675025e-06
47,47,2.579044917326344e-06
48,48,2.660519652316464e-06
49,49,2.9407441961517602e-06
50,50,1.5685918601011497e-05
51,51,7.718471552769361e-07
52,52,1.7426823507525951e-06
53,53,5.04923801725751e-06
54,54,0.00010837318875693758
55,55,0.000319285625003302
56,56,7.472369053049707e-07
57,57,5.245017273874762e-07
58,58,9.761731461380755e-07
59,59,8.402601756198608e-07
60,60,1.0240236161591905e-06
61,61,3.1298021624294234e-06
62,62,8.010415938687883e-07
63,63,1.2384511151453459e-06
64,64,3.7020486448189175e-06
65,65,1.5545074122793916e-06
66,66,0.00022754488655833818
67,67,0.0009376579310390541
68,68,0.00016842986185046263
69,69,8.072504470380957e-05
70,70,9.961074206278563e-07
71,71,1.8586704509482183e-06
72,72,5.056363624011881e-06
73,73,3.2693132795063484e-06
74,74,5.215116891898194e-06
75,75,3.6633311824992564e-06
76,76,1.3145462515663693e-05
77,77,2.4720415679397694e-06
78,78,6.902506527147583e-07
79,79,0.0010073077081590048
80,80,7.816973919858145e-07
81,81,2.4481346535267708e-06
82,82,2.5126514873034042e-05
83,83,2.3540185511842033e-06
84,84,1.4531321255773006e-05
85,85,6.435529506466289e-06
86,86,1.1277233005889945e-05
87,87,2.104354462157944e-06
88,88,3.2283946554120668e-06
89,89,1.952361057423599e-06
90,90,1.0886879269202296e-06
91,91,1.3675210735163137e-06
92,92,2.393252605682123e-06
93,93,2.8350997676468243e-06
94,94,2.0588143663420932e-06
95,95,7.1415419151804475e-06
96,96,3.87802841649542e-06
97,97,1.0817813122062207e-05
98,98,5.9960984938356755e-06
99,99,2.285068455178667e-06
100,100,5.744906122565354e-05
101,101,5.7447140473820585e-05
102,102,8.625139554859318e-06
103,103,2.806308409951539e-06
104,104,0.0001700369774021816
105,105,0.00019871226507020616
106,106,1.0077010392144647e-06
107,107,6.392152527879557e-07
108,108,1.6479017285326544e-06
109,109,1.3804015816890681e-06
110,110,1.515024534037891e-06
111,111,1.1442095527759179e-06
112,112,2.96860929209248e-06
113,113,2.0362103004223575e-06
114,114,1.3011215349973604e-06
115,115,1.3112701994541927e-06
116,116,3.998489108394485e-06
117,117,2.2824981019294815e-05
118,118,4.18502464138416e-05
119,119,6.675338835372499e-07
120,120,1.5642812663244274e-06
121,121,1.3129254143338462e-06
122,122,4.330207858465707e-06
123,123,2.2120801670811006e-06
124,124,3.769036710273995e-06
125,125,2.7553567055272245e-06
126,126,1.3489036561433313e-05
127,127,1.505220004817467e-06
128,128,7.559182320098669e-07
129,129,2.5991913692858117e-06
130,130,5.933897973137659e-06
131,131,1.4863757389704102e-06
132,132,1.8621542483212784e-05
133,133,2.3842783215382837e-06
134,134,3.9337393590113266e-05
135,135,1.4454929292195218e-05
136,136,3.573317567232695e-06
137,137,5.226306222617771e-06
138,138,2.510733745837555e-06
139,139,9.521703355929446e-07
140,140,9.047135420187394e-07
141,141,2.7157157648759165e-06
142,142,1.8273005984233398e-06
143,143,1.3222028238972637e-06
144,144,4.127239501329886e-06
145,145,2.2682248426697637e-05
146,146,1.5934958268878887e-06
147,147,1.4133049037372907e-05
148,148,7.145195411605134e-06
149,149,1.6833074151211316e-06
150,150,1.390071754437721e-06
151,151,9.495501274650788e-07
152,152,0.0005648012042468054
153,153,0.00016963758228176953
154,154,1.1617095069275877e-06
155,155,6.019283668357469e-06
156,156,1.1548298781258967e-06
157,157,1.3960114223928806e-06
158,158,1.0373789196236666e-06
159,159,1.9736973936075594e-06
160,160,3.012329583259301e-06
161,161,1.9593186714088604e-06
162,162,5.646501267413899e-06
163,163,4.0148624273354924e-06
164,164,7.607865865325857e-06
165,165,1.2480653849377078e-06
166,166,1.4271139785620595e-06
167,167,2.3588133028721733e-06
168,168,1.3001633836481923e-06
169,169,2.1781274072937404e-06
170,170,1.7993443521421646e-06
171,171,2.510044199524595e-06
172,172,5.340249880914175e-06
173,173,3.6074490953476607e-06
174,174,8.242619845888558e-07
175,175,1.5857001489171309e-06
176,176,1.043966614754723e-05
177,177,1.017105388726532e-06
178,178,7.264203504690025e-05
179,179,3.3999895936868615e-06
180,180,1.6726497244342215e-06
181,181,2.070268739973867e-06
182,182,2.261191446189827e-05
183,183,8.431418455061015e-06
184,184,1.894443159145486e-05
185,185,4.230518309059806e-05
186,186,9.61880367264239e-06
187,187,4.335125987337145e-06
188,188,2.231140280994104e-06
189,189,1.667398691120336e-06
190,190,1.6392921370476175e-06
191,191,1.573314258728821e-06
192,192,1.1560487206886026e-06
193,193,1.234791700287095e-06
194,194,3.8053625497012997e-06
195,195,1.7977439760311364e-05
196,196,4.425246661280226e-06
197,197,9.24545444877257e-06
198,198,1.0759951536521205e-05
199,199,2.6030907007443173e-06
200,200,7.602421898553655e-07
201,201,9.65007282590813e-07
202,202,1.1216577324324078e-06
203,203,0.0010684222916705066
204,204,8.401234201149584e-07
205,205,7.600573014339828e-07
206,206,5.175029750836351e-06
207,207,1.178861800840383e-06
208,208,2.132196497401144e-06
209,209,6.751694073261151e-06
210,210,4.717783429234768e-06
211,211,8.460389496266508e-06
212,212,9.064711112797082e-06
213,213,3.826850159746325e-06
214,214,1.5835322655939256e-05
215,215,6.4663466761591504e-06
216,216,3.887661619140296e-06
217,217,3.2669233202834095e-06
218,218,1.0373943438806657e-05
219,219,5.098992425237301e-06
220,220,3.399003691861179e-06
221,221,6.145875134633195e-06
222,222,9.161961312035472e-06
223,223,1.5419170091480376e-06
224,224,1.9494637995661337e-06
225,225,2.7095470556469864e-06
226,226,2.426322276046459e-06
227,227,7.482300744490641e-06
228,228,1.8247144540194697e-06
229,229,9.800068449600398e-07
230,230,1.3097861526094998e-06
231,231,1.6321921894411898e-06
232,232,4.037383883928035e-06
233,233,2.0606006933558185e-05
234,234,3.831476184112709e-05
235,235,1.5488004440189405e-05
236,236,1.781789229226074e-06
237,237,1.0201619956084677e-06
238,238,3.2369620756287765e-06
239,239,7.648769075129473e-06
240,240,2.607260323241684e-06
241,241,1.1193640546921685e-06
242,242,1.9957959999465763e-06
243,243,2.534855724936904e-06
244,244,4.954360240936947e-06
245,245,4.6546401385324915e-06
246,246,1.3464471033476124e-06
247,247,4.549855495004351e-06
248,248,2.380631182564994e-06
249,249,2.8416841857202444e-06
250,250,1.2273698399242513e-06
251,251,1.6198150268073526e-06
252,252,8.123667784499465e-07
253,253,0.00030367033946804577
254,254,1.1232481699522804e-06
255,255,2.098299225398507e-06
256,256,2.6394033593763474e-06
257,257,3.758620811072538e-06
258,258,3.4657415788002894e-06
259,259,5.272503688225738e-06
260,260,6.026274792128169e-06
261,261,8.42165869069548e-06
262,262,5.268433824471595e-06
263,263,8.331652450280613e-06
264,264,9.416987658445326e-06
265,265,1.1645751046296665e-05
266,266,1.256864678947197e-05
267,267,1.0654381789599132e-05
268,268,4.175697957259151e-06
269,269,3.65704867576281e-06
270,270,3.8082698663704306e-06
271,271,1.6378892289619025e-05
272,272,1.9706238337214386e-05
273,273,2.15032173176508e-06
274,274,1.3077068791763394e-06
275,275,1.0685241633971156e-06
276,276,2.328284631356442e-06
277,277,0.0006788431825605077
278,278,7.39794020571171e-05
279,279,1.7722254588857997e-06
280,280,1.238016144461073e-05
281,281,3.882582349570186e-06
282,282,1.5412064687778966e-06
283,283,5.7951461613753074e-06
284,284,3.7858991424934578e-06
285,285,4.028701848014216e-06
286,286,2.1433135816288537e-06
287,287,1.711061352576932e-06
288,288,3.0694963986639047e-06
289,289,2.4930938105137497e-06
290,290,1.5436605664941764e-06
291,291,1.9999902724593144e-06
292,292,7.197483990388865e-06
293,293,1.8990474185552784e-06
294,294,1.5385334567208354e-06
295,295,1.3406210208484726e-06
296,296,2.633206993848074e-06
297,297,5.720386434368586e-06
298,298,2.7705575552649782e-06
299,299,9.515195577049154e-06
300,300,1.090034142441917e-05
301,301,1.150023808192262e-05
302,302,1.1788030026884728e-06
303,303,1.6882844492705728e-06
304,304,1.1580247628796416e-06
305,305,1.38693881633147e-06
306,306,2.4822256374751684e-06
307,307,1.6268573488726423e-06
308,308,4.473831181040628e-06
309,309,8.517771253960675e-06
310,310,1.580166266864513e-05
311,311,5.576883275679813e-06
312,312,9.397109045536725e-06
313,313,8.869823421940581e-06
314,314,4.113750148061755e-06
315,315,1.6798438936590492e-05
316,316,3.813319441462032e-06
317,317,1.2278940994387326e-06
318,318,1.4869462669758006e-06
319,319,3.789815819118293e-06
320,320,1.2868200534370904e-05
321,321,2.926347594671728e-05
322,322,3.147497101694725e-06
323,323,2.132731964498781e-06
324,324,8.770565624588834e-07
325,325,1.4373953335207263e-06
326,326,2.9035407269515993e-05
327,327,1.3320654298343914e-06
328,328,5.94882518169263e-07
329,329,8.355203216844605e-07
330,330,1.8232980853965795e-05
331,331,1.0411381718547492e-06
332,332,1.0980216406020662e-06
333,333,2.350564702574745e-06
334,334,6.258498228901087e-06
335,335,4.680999132566742e-06
336,336,1.470485061809313e-06
337,337,2.5227443724871198e-06
338,338,2.5398141329848925e-06
339,339,1.1316321745609966e-06
340,340,3.237737386754827e-06
341,341,3.257522532735148e-06
342,342,2.5471627412409993e-06
343,343,7.527513189963146e-07
344,344,8.897454906053444e-07
345,345,9.748929854515975e-06
346,346,2.769300511991814e-06
347,347,8.304215799213052e-06
348,348,2.5272348930811525e-06
349,349,6.873264361695529e-06
350,350,1.0716982852209701e-05
351,351,6.447166744114743e-06
352,352,2.1174356092903254e-06
353,353,6.731448926131351e-06
354,354,8.66132106781622e-06
355,355,8.17647332647315e-06
356,356,6.276163850042518e-06
357,357,4.7972579941795215e-06
358,358,1.4423946040243814e-05
359,359,7.113109455974677e-06
360,360,6.365400979425984e-06
361,361,5.0701527161854665e-06
362,362,7.663333799324259e-06
363,363,2.2601965664731713e-05
364,364,5.9185101538555796e-06
365,365,1.1697578459014473e-06
366,366,1.9240340962076448e-06
367,367,1.6703138765952031e-06
368,368,2.863958464277415e-06
369,369,4.081679666349664e-06
370,370,3.4690975505976454e-06
371,371,4.583751724249145e-06
372,372,1.4687780649562511e-06
373,373,2.0043750012412783e-06
374,374,1.2560477042858512e-05
375,375,1.5716245500814602e-06
376,376,2.5496118418919938e-05
377,377,2.2816655807582745e-05
378,378,9.197682339128137e-07
379,379,1.1238603438782239e-06
380,380,1.972048327339552e-06
381,381,1.4288255167365362e-06
382,382,1.2071073659311854e-05
383,383,1.999333984164388e-06
384,384,4.8525240254142795e-06
385,385,2.9910942979162664e-05
386,386,2.1209713875239684e-06
387,387,2.629901069514068e-06
388,388,1.418548615967001e-06
389,389,1.5365700613165444e-06
390,390,4.047778038996837e-06
391,391,1.0212303652230418e-05
392,392,9.251763284582058e-07
393,393,1.0714371760929127e-06
394,394,1.2160938314122103e-06
395,395,4.531112255408592e-06
396,396,5.554414121445642e-06
397,397,5.955565715857311e-06
398,398,4.059073080740754e-06
399,399,2.0745773781945426e-06
400,400,1.8284498321525635e-05
401,401,1.0636851589545613e-05
402,402,6.3285200295350506e-06
403,403,1.0191760602818036e-05
404,404,7.993067254602115e-06
405,405,6.000928443931852e-06
406,406,8.778822975300361e-06
407,407,1.1926135494777433e-05
408,408,6.321417720003436e-06
409,409,9.35910309346359e-06
410,410,1.894783503428946e-05
411,411,2.894723921470711e-06
412,412,1.6834400092184818e-06
413,413,4.966514549625e-06
414,414,1.5744368439395686e-06
415,415,1.3650205350059205e-06
416,416,6.816807233116258e-06
417,417,5.071873547819802e-06
418,418,3.3805203646875924e-06
419,419,1.8409746006273238e-06
420,420,6.561035174817532e-06
421,421,8.701558147451345e-06
422,422,1.137218807635511e-06
423,423,2.60491807000164e-06
424,424,2.9406240845037355e-06
425,425,2.432186055888461e-06
426,426,0.00018555045288915948
427,427,2.0473109502376406e-06
428,428,2.5311493277224942e-06
429,429,1.0412020750265342e-06
430,430,3.562963214070114e-06
431,431,2.345841113889875e-06
432,432,2.418139082275246e-06
433,433,1.1512014185329537e-06
434,434,3.941232361673077e-06
435,435,1.576050954151825e-05
436,436,1.4267971634100705e-06
437,437,2.0477046831815417e-06
438,438,2.8833001057788822e-06
439,439,2.0316870894842547e-06
440,440,2.2612092876063087e-06
441,441,1.371070018330316e-06
442,442,1.2197033594684083e-06
443,443,1.6989206576825989e-06
444,444,1.6819892713411348e-06
445,445,4.711034880142655e-06
446,446,2.3809259945706126e-06
447,447,3.5016616113819014e-06
448,448,3.4646947137744836e-06
449,449,2.624128225590491e-06
450,450,1.1099278855004363e-05
451,451,1.6479854338452447e-05
452,452,1.6241877848115606e-05
453,453,2.4215336804113724e-06
454,454,4.396499120980766e-06
455,455,6.614986044017077e-06
456,456,5.8356724132773504e-06
457,457,7.315193563212801e-06
458,458,1.2709069886903827e-05
459,459,4.189409451165336e-06
460,460,1.6511091065112758e-05
461,461,1.4361755161946883e-05
462,462,6.938354653587613e-06
463,463,2.4509208553874588e-06
464,464,4.993619116637076e-06
465,465,6.578588036769981e-06
466,466,7.82261417222062e-06
467,467,5.826009126355822e-06
468,468,6.173022581211239e-06
469,469,1.2673339562444191e-05
470,470,1.3141631373360542e-05
471,471,9.411310690958068e-06
472,472,1.926233801195093e-06
473,473,8.136931619531395e-06
474,474,1.983631513669106e-06
475,475,1.2219384542518585e-06
476,476,1.924314518579054e-06
477,477,1.0398339753149877e-05
478,478,1.7159363637604984e-06
479,479,1.45656921174926e-05
480,480,2.8004562829557222e-06
481,481,1.1080751191232267e-06
482,482,3.1877243186428907e-06
483,483,6.545232804193821e-07
484,484,1.0078364341580641e-06
485,485,1.7374859397690145e-06
486,486,1.3565058285639906e-06
487,487,1.5887920871943622e-06
488,488,3.712859759356682e-06
489,489,2.0097742263088503e-06
490,490,1.5788010878277653e-06
491,491,1.763155454477894e-06
492,492,5.189591567246887e-06
493,493,2.093005471228895e-06
494,494,8.407049957604083e-07
495,495,2.6214140731497873e-06
496,496,2.078994491920265e-06
497,497,1.483018102919895e-06
498,498,1.5957729903664562e-06
499,499,4.70043098904501e-06
500,500,4.0960031590381855e-06
501,501,1.1834856655014058e-05
502,502,1.9551410440770394e-05
503,503,7.122712973682136e-06
504,504,4.709295096211316e-06
505,505,8.492650407889276e-06
506,506,1.7245644852003337e-05
507,507,5.524025550933186e-06
508,508,8.671770472462186e-06
509,509,1.2158740493336173e-05
510,510,1.142979222958464e-05
511,511,6.673709892836196e-06
512,512,7.867560696426647e-06
513,513,2.0012197197201576e-06
514,514,4.7688729422118765e-06
515,515,9.801382092112883e-06
516,516,8.448677132415925e-06
517,517,2.5678179398725902e-06
518,518,1.5613903183198042e-05
519,519,1.1839427922220097e-05
520,520,6.640627523626544e-06
521,521,2.0769394390325604e-05
522,522,2.7281121468277795e-06
523,523,1.5938030442034867e-06
524,524,1.9981697085787158e-06
525,525,1.5784453611997182e-06
526,526,1.0713883711431723e-05
527,527,9.078704790643364e-07
528,528,1.3944401784207717e-06
529,529,1.910062627230839e-06
530,530,5.569731453955774e-06
531,531,8.282436647861707e-07
532,532,2.3656392620282924e-06
533,533,1.0728138955609853e-06
534,534,1.8918729748302721e-06
535,535,1.8954546354947257e-06
536,536,1.101935273710915e-06
537,537,3.550485843310388e-06
538,538,3.4693892554186607e-06
539,539,1.9583366594444014e-06
540,540,1.6290600191894107e-06
541,541,1.875955318482774e-06
542,542,4.22387905365321e-06
543,543,1.261074734784793e-06
544,544,2.7488877414831954e-06
545,545,1.9452463707158617e-06
546,546,1.4417425013853072e-05
547,547,9.967926261896283e-07
548,548,2.8032170605682695e-06
549,549,5.181827993402293e-06
550,550,2.6666802362134007e-06
551,551,1.3449125432325352e-06
552,552,5.470195854773469e-06
553,553,1.2868583542130354e-05
554,554,9.378686792193417e-06
555,555,9.215261365366796e-06
556,556,4.162958367253317e-06
557,557,1.1398158354092097e-06
558,558,2.0903238161756184e-06
559,559,9.38073348687763e-06
560,560,6.288590928670522e-06
561,561,7.678084465303956e-06
562,562,2.6851008006572737e-06
563,563,5.881477962442579e-07
564,564,1.023937681841673e-06
565,565,9.919430345010298e-07
566,566,6.2374033119880085e-06
567,567,6.117157128382217e-06
568,568,1.3033066257422223e-05
569,569,7.214987431858009e-06
570,570,6.9227168965255874e-06
571,571,7.337103707416059e-06
572,572,2.129785708732821e-06
573,573,3.077305905570924e-06
574,574,3.7579610941848873e-06
575,575,3.493521470743716e-05
576,576,4.238397814578415e-06
577,577,6.75145667899919e-06
578,578,1.5619797722280428e-06
579,579,4.6998364491916716e-06
580,580,5.073227424192632e-05
581,581,9.084069774503281e-06
582,582,1.0123596028078368e-05
583,583,1.0284376193289666e-05
584,584,1.3070174570781467e-06
585,585,1.1035950785614815e-06
586,586,1.4751596700530794e-06
587,587,4.539596627956139e-06
588,588,4.413197851466017e-06
589,589,2.675543791994799e-06
590,590,1.7017328703385146e-06
591,591,5.6779591501240505e-06
592,592,5.170310717170197e-06
593,593,4.327818813267048e-06
594,594,2.1963207749977513e-06
595,595,3.465304447611287e-06
596,596,4.499639363187201e-06
597,597,4.681107528778941e-06
598,598,1.05134753491396e-06
599,599,2.3586460756011305e-06
600,600,2.7659699904907197e-06
601,601,3.3735545697863897e-06
602,602,5.772515575213536e-06
603,603,3.7537350949422752e-06
604,604,1.3397537058016419e-06
605,605,1.0825436111551613e-06
606,606,2.426742012580319e-06
607,607,1.196036897380143e-05
608,608,1.4775166169788427e-06
609,609,1.155816582186693e-05
610,610,7.845990804234873e-07
611,611,1.2216535679842628e-06
612,612,7.278329201883632e-07
613,613,1.5717591399477547e-06
614,614,1.499615754798056e-06
615,615,8.676497831538791e-07
616,616,1.7050095255770769e-06
617,617,2.7353539569729003e-06
618,618,2.0035152866007472e-06
619,619,8.35625912841331e-06
620,620,1.9810023028329157e-06
621,621,1.9443653998593775e-06
622,622,3.2735066498971544e-06
623,623,3.0392460564392084e-06
624,624,1.9624696573896955e-06
625,625,3.50780833903111e-05
626,626,2.4694800050430962e-06
627,627,2.4002740533350404e-06
628,628,9.342018097494593e-07
629,629,1.463401429162929e-06
630,630,1.4018295121364119e-06
631,631,1.398582616781491e-05
632,632,7.139294150382575e-06
633,633,1.89265717402618e-05
634,634,7.446984770385855e-06
635,635,1.4246952322646105e-06
636,636,1.4939294279191217e-06
637,637,5.846049165360478e-06
638,638,2.44374654061668e-06
639,639,2.211352553349758e-06
640,640,4.091186664703343e-06
641,641,4.481170305923062e-06
642,642,4.484160675839998e-06
643,643,3.120562363064585e-06
644,644,1.2247838472557498e-06
645,645,1.79711507919621e-05
646,646,3.1608618293950642e-06
647,647,1.3684334523536738e-06
648,648,2.8402446082456086e-06
649,649,2.995974928491561e-06
650,650,4.573083465820601e-06
651,651,4.122222201223519e-06
652,652,2.369758516310003e-05
653,653,2.2649844383262268e-05
654,654,1.4398894829075043e-06
655,655,2.5878094172783196e-06
656,656,1.6710580026159063e-06
657,657,2.6914174444678874e-06
658,658,2.0110744560538444e-06
659,659,1.3855227236193247e-06
660,660,6.532593819159761e-07
661,661,7.980487744191434e-07
662,662,2.004922265723411e-05
663,663,9.213424935878242e-07
664,664,6.524153825796503e-07
665,665,7.91606347918587e-07
666,666,1.3423660860838944e-06
667,667,1.3419841130556042e-06
668,668,5.082939028424166e-06
669,669,4.113321033715933e-06
670,670,2.183700417052262e-06
671,671,3.4445107930180506e-06
672,672,2.0588963722635398e-06
673,673,4.672768507641533e-06
674,674,7.548634959792592e-06
675,675,3.3633757114481693e-06
676,676,1.409845691456922e-06
677,677,2.9341506513220784e-06
678,678,1.480212821245417e-06
679,679,1.886517325731462e-06
680,680,5.264940786498054e-06
681,681,1.0102861397936198e-05
682,682,8.785911470336964e-06
683,683,2.521619688751309e-05
684,684,3.294329688331436e-06
685,685,8.284230164093472e-06
686,686,2.635475712988239e-06
687,687,1.4447058767611305e-06
688,688,2.8953619003414717e-06
689,689,6.125103162768788e-06
690,690,4.327612751823645e-06
691,691,1.9723783910264846e-06
692,692,5.086463598864743e-06
693,693,4.373753001786701e-06
694,694,1.4929952266487836e-06
695,695,4.800364944208689e-06
696,696,2.4759656366971267e-06
697,697,2.277887846422353e-06
698,698,1.8570727277876047e-06
699,699,5.891264457223421e-06
700,700,3.95987215120993e-06
701,701,3.2986154026606262e-06
702,702,1.7766138627508794e-05
703,703,8.318964963249606e-06
704,704,1.5686280150779953e-05
705,705,7.731536131743778e-06
706,706,3.90967597320745e-05
707,707,1.2876288676230202e-06
708,708,9.601093568414506e-06
709,709,1.465025631091594e-06
710,710,7.035844998259848e-07
711,711,6.836896426880591e-07
712,712,0.00022552295224948995
713,713,0.00015676560239052836
714,714,7.404919020901553e-07
715,715,9.83165018311595e-07
716,716,1.4225473786509218e-06
717,717,2.159372709054125e-06
718,718,2.7865548230147327e-06
719,719,1.1753323830621488e-05
720,720,7.866827476068547e-06
721,721,4.149178089735579e-06
722,722,2.7250199856131715e-06
723,723,1.843434385915063e-06
724,724,1.0107763072819542e-05
725,725,2.715041664239562e-06
726,726,1.792750931878165e-06
727,727,2.588192394053577e-06
728,728,2.044057585557846e-06
729,729,1.3290988025878352e-06
730,730,4.378236645820447e-06
731,731,1.194302180126556e-05
732,732,8.694970580405268e-06
733,733,4.659756841512429e-06
734,734,6.841428905911162e-06
735,735,1.0236257723291486e-05
736,736,4.933942704780972e-06
737,737,1.8180154113757276e-06
738,738,4.226019018136e-06
739,739,7.227414949075679e-06
740,740,2.942684001730487e-06
741,741,4.355269052226587e-06
742,742,1.1891817583402682e-05
743,743,1.0190800239665114e-06
744,744,7.606837148604649e-07
745,745,3.4335855120649924e-06
746,746,1.092892355524432e-05
747,747,6.065777171753567e-06
748,748,1.467852110524028e-06
749,749,4.068061761474114e-06
750,750,2.080571197376383e-06
751,751,7.1803734573453155e-06
752,752,1.1658782473826643e-05
753,753,5.719376211894731e-06
754,754,5.688712128739613e-05
755,755,1.4319829514145207e-06
756,756,2.6930650336792313e-06
757,757,7.065768349707508e-06
758,758,8.49956817719927e-06
759,759,1.3243638777859857e-06
760,760,5.82983429956112e-07
761,761,1.220852095675147e-06
762,762,0.0015474319888590167
763,763,0.00027080578773324505
764,764,1.531205327546828e-05
765,765,1.048813972342129e-06
766,766,2.4546874177231704e-06
767,767,1.9747253466682435e-06
768,768,2.364937668173494e-06
769,769,6.481926066023842e-06
770,770,1.6144447289499748e-06
771,771,1.320125646147691e-06
772,772,3.4285867437087887e-06
773,773,1.8019942237331673e-06
774,774,3.5596918090267957e-06
775,775,1.8274890833172665e-05
776,776,1.8602050267631329e-06
777,777,1.2965650209316578e-06
778,778,2.97225769917595e-06
779,779,8.189428128540316e-07
780,780,1.6990404453653937e-06
781,781,1.4882383604524536e-05
782,782,6.022669777653136e-06
783,783,7.4191385702708225e-06
784,784,7.243335703577999e-06
785,785,4.671028148933347e-06
786,786,2.857762122166177e-06
787,787,3.633617115061478e-06
788,788,3.5894801252047494e-06
789,789,5.441076210580844e-06
790,790,2.366451689712748e-06
791,791,4.655891571235835e-06
792,792,6.934108657165566e-06
793,793,1.433688899238184e-06
794,794,1.6963571785709121e-06
795,795,1.5539090192030766e-06
796,796,5.090732676850427e-06
797,797,1.9964262585200874e-06
798,798,1.1766766932663357e-06
799,799,3.814889172605018e-06
800,800,9.190720052161539e-07
801,801,1.1472792333251778e-06
802,802,1.962680259051606e-06
803,803,6.038951178667988e-06
804,804,5.784789773527523e-06
805,805,5.191063545967596e-06
806,806,1.2207318280265013e-05
807,807,5.281501300885377e-06
808,808,4.429539353513478e-06
809,809,2.0331836383249723e-06
810,810,0.0001275388297933701
811,811,0.0005700427631936936
812,812,0.0005117963256397741
813,813,4.618191183745861e-06
814,814,7.000639354105263e-05
815,815,1.194004136124983e-06
816,816,1.5427618793056997e-06
817,817,2.3695659057820927e-06
818,818,4.821615556084791e-06
819,819,2.122875690672887e-06
820,820,1.6437168582371758e-06
821,821,7.946811360854973e-06
822,822,1.6249067006898237e-06
823,823,2.742013871458192e-06
824,824,1.2115725507217063e-05
825,825,2.179294821508223e-06
826,826,1.7275012381830534e-06
827,827,1.2151941455971986e-05
828,828,6.093321898888518e-06
829,829,8.027180567566107e-07
830,830,5.815382475338835e-07
831,831,5.505181350685631e-06
832,832,3.513907503912069e-06
833,833,5.968298060434283e-06
834,834,7.0039815937334516e-06
835,835,2.2521874171198456e-06
836,836,2.0840325626740523e-06
837,837,1.5035051398425132e-06
838,838,1.9432286626444763e-06
839,839,1.4746563659319502e-06
840,840,4.381346601249162e-06
841,841,2.601671650424552e-05
842,842,6.213016192652136e-07
843,843,1.6388340191309178e-06
844,844,9.909095076931181e-07
845,845,2.9071416247448476e-06
846,846,5.335897780972009e-06
847,847,2.320607508899259e-06
848,848,3.4027047001124844e-06
849,849,1.3040292404162971e-06
850,850,0.00023412077942927458
851,851,8.080770113693118e-07
852,852,6.638238567252931e-07
853,853,9.584585648960612e-06
854,854,1.1372619010878809e-05
855,855,1.331671969559552e-05
856,856,1.3020515840817636e-05
857,857,3.2251229977581366e-06
858,858,2.9559854493203337e-05
859,859,1.536081616782117e-06
860,860,1.7411711599351371e-06
861,861,0.0005455083888867006
862,862,5.9398017510551944e-05
863,863,7.171497173846969e-05
864,864,9.469060663690946e-07
865,865,1.1075162131484546e-06
866,866,4.487749106500259e-06
867,867,4.154049292014702e-06
868,868,5.167166022931145e-06
869,869,3.244716625065844e-06
870,870,5.90397418559476e-06
871,871,2.8047463352622533e-06
872,872,3.957590084957008e-06
873,873,6.7379142064385305e-06
874,874,1.907215197975045e-06
875,875,2.4048036036081484e-06
876,876,1.4346617591241575e-05
877,877,2.8074399010711257e-05
878,878,5.941230630632079e-06
879,879,9.64751832037909e-07
880,880,6.079465798314835e-06
881,881,7.462027944009273e-06
882,882,5.202634390645453e-06
883,883,3.956197643066635e-06
884,884,1.2399188286371918e-05
885,885,1.9394934561990513e-06
886,886,2.0662116319389023e-06
887,887,3.476135502406234e-06
888,888,3.4536388407432288e-06
889,889,1.0752205658178912e-05
890,890,2.089349276224002e-06
891,891,2.0517470766620206e-05
892,892,2.355877824268589e-06
893,893,2.2710545557846987e-06
894,894,1.0379787865253815e-06
895,895,5.21562251429915e-06
896,896,7.692461215743115e-06
897,897,3.4826249665868893e-06
898,898,2.6827696014157616e-06
899,899,1.6630377904788655e-06
900,900,5.3149061102495414e-05
901,901,1.0521446039815892e-06
902,902,1.6719315035223771e-06
903,903,1.4809822637208751e-05
904,904,1.2121362337584236e-05
905,905,5.933714107620154e-06
906,906,6.568205628264065e-06
907,907,1.9689204871703428e-06
908,908,2.2850145958141683e-06
909,909,7.906356077572366e-06
910,910,7.419619412621059e-07
911,911,2.7089346528700934e-05
912,912,4.959275535117486e-05
913,913,4.416319421897964e-05
914,914,1.7615282728280518e-06
915,915,1.825500024932586e-06
916,916,5.991465710229419e-06
917,917,5.514616396108829e-06
918,918,4.018596243537144e-06
919,919,1.9610301154787648e-05
920,920,6.076931575097609e-06
921,921,3.8572169865169405e-06
922,922,1.0454116664032742e-06
923,923,1.5653986652511641e-06
924,924,1.1455379808078213e-06
925,925,3.1980670463773566e-06
926,926,7.719969383975933e-06
927,927,1.310544214261069e-06
928,928,1.781177648490253e-06
929,929,2.5371053290652804e-06
930,930,1.2916998822576749e-06
931,931,2.125911887043599e-06
932,932,2.798811197329192e-06
933,933,3.2231232114071113e-06
934,934,5.864975565565531e-06
935,935,3.346513059271127e-06
936,936,3.983345655163649e-06
937,937,3.591265504485781e-06
938,938,8.789935037687661e-06
939,939,5.195351561317143e-06
940,940,2.1136931873943313e-06
941,941,4.507850787949261e-06
942,942,3.612709848274484e-06
943,943,3.460469735783778e-06
944,944,1.7164566264483282e-06
945,945,1.4952286337303501e-05
946,946,1.6419292708552036e-06
947,947,5.282127212957164e-06
948,948,2.818528295825804e-06
949,949,2.2324734006610744e-06
950,950,1.1049345620936008e-06
951,951,1.0823112068224804e-06
952,952,1.2670416681419766e-06
953,953,5.01954223887287e-06
954,954,1.2683966777017197e-05
955,955,1.4202097031635245e-05
956,956,1.6619205016429383e-06
957,957,2.2584450802041556e-06
958,958,1.040300385073348e-06
959,959,1.387868226612666e-05
960,960,3.153142742736413e-06
961,961,1.512387092977383e-06
962,962,2.565754774756535e-06
963,963,1.0438492543525912e-06
964,964,1.6194934622119144e-06
965,965,1.6665504486222098e-05
966,966,3.442252899199682e-06
967,967,1.2366693460769266e-05
968,968,1.0638036711433668e-05
969,969,8.620586945369656e-06
970,970,6.904459876199789e-06
971,971,3.230825969315169e-06
972,972,4.823258830870487e-06
973,973,6.455897486398491e-06
974,974,1.3611255281032603e-06
975,975,2.1651673664817627e-06
976,976,1.3114260481660114e-06
977,977,1.6850862477970861e-06
978,978,1.7741790865990882e-06
979,979,3.19765996948895e-06
980,980,4.9920658116216356e-06
981,981,4.060127861542922e-06
982,982,1.3345451380812522e-06
983,983,2.575532586184363e-06
984,984,1.5768556956039144e-06
985,985,2.968972129515367e-06
986,986,1.8151904153925333e-06
987,987,3.4386306988509557e-06
988,988,9.433813073509761e-06
989,989,2.0231208426311735e-06
990,990,4.757275789352727e-06
991,991,1.722554572327538e-06
992,992,3.096719398895716e-06
993,993,5.447823008898005e-06
994,994,2.9985102043677084e-06
995,995,4.214409839829719e-06
996,996,2.825607674232348e-06
997,997,1.6843253919775887e-06
998,998,1.5986055088779133e-06
999,999,1.158107961625312e-06
1000,1000,1.2858922557844595e-06
1001,1001,3.0836449213043946e-06
1002,1002,3.7631054344971436e-06
1003,1003,2.112660362531846e-05
1004,1004,9.485451767914432e-06
1005,1005,5.856933062231794e-06
1006,1006,2.6334975185619356e-06
1007,1007,1.513412061597544e-06
1008,1008,2.973487990941256e-06
1009,1009,2.1845563205860483e-06
1010,1010,6.79882491652039e-06
1011,1011,6.781913115514136e-06
1012,1012,3.973534227960428e-06
1013,1013,2.515353441756835e-06
1014,1014,1.2423358267232016e-05
1015,1015,5.891616692672099e-06
1016,1016,1.2403104954399987e-05
1017,1017,1.5587786563415246e-05
1018,1018,2.225468015654198e-05
1019,1019,1.2213645108622496e-05
1020,1020,7.071694283862352e-06
1021,1021,5.098432563279176e-06
1022,1022,7.0173696464445485e-06
1023,1023,1.2970305127073989e-05
1024,1024,2.532252786318224e-06
1025,1025,2.369866680210883e-06
1026,1026,1.0198832053652242e-06
1027,1027,1.8276059931570443e-06
1028,1028,2.071668734798872e-06
1029,1029,2.7893327701153945e-06
1030,1030,1.5479000323867014e-06
1031,1031,2.7352937510722928e-06
1032,1032,2.7740361768163216e-06
1033,1033,2.2498506229619068e-06
1034,1034,1.3705552196433047e-06
1035,1035,1.896551714219559e-06
1036,1036,7.75988835595092e-06
1037,1037,5.782268868977448e-06
1038,1038,4.778219283456435e-06
1039,1039,1.662560636699419e-06
1040,1040,4.057841931189888e-06
1041,1041,2.077710617622814e-06
1042,1042,1.6726145164243447e-06
1043,1043,1.409552665789109e-06
1044,1044,1.4235902410699989e-06
1045,1045,0.00023417909572692538
1046,1046,1.3706296146162628e-06
1047,1047,1.3943744527904086e-06
1048,1048,1.0013456616268452e-06
1049,1049,1.6822590063158697e-06
1050,1050,5.5224364043100236e-06
1051,1051,5.423728530554656e-06
1052,1052,6.48424994619461e-06
1053,1053,9.31964553778622e-06
1054,1054,1.0052558091229678e-05
1055,1055,4.982432924917493e-05
1056,1056,3.207041581717952e-06
1057,1057,3.9278494231500605e-06
1058,1058,6.770023207151498e-06
1059,1059,2.1131112487841355e-06
1060,1060,2.498666830779437e-06
1061,1061,9.036092436670094e-06
1062,1062,2.6499761027264723e-05
1063,1063,1.1989454410243676e-05
1064,1064,2.519672526367702e-05
1065,1065,1.561327054911552e-05
1066,1066,2.28563915225548e-05
1067,1067,1.6855645090947406e-05
1068,1068,2.0678358359767924e-05
1069,1069,7.702498857959675e-06
1070,1070,9.605902316207131e-06
1071,1071,9.659494811494125e-06
1072,1072,8.063190121957634e-06
1073,1073,5.268394513844424e-06
1074,1074,8.187082774959358e-06
1075,1075,1.6088131604987344e-05
1076,1076,3.5719542813906816e-06
1077,1077,1.5330139355790739e-06
1078,1078,2.039139272833698e-06
1079,1079,1.7917283878369794e-06
1080,1080,1.8554051275778494e-06
1081,1081,6.4551756894434334e-06
1082,1082,3.96284692830998e-06
1083,1083,1.5278785459619285e-06
1084,1084,2.3669341143772782e-06
1085,1085,3.91677190173087e-06
1086,1086,6.224574869504455e-06
1087,1087,5.661376154090166e-06
1088,1088,3.3793851442439054e-06
1089,1089,1.0204465335183307e-05
1090,1090,2.022259303271651e-06
1091,1091,1.423498037783094e-06
1092,1092,3.5066838611433362e-06
1093,1093,1.0284750021376699e-06
1094,1094,1.2460406690949406e-06
1095,1095,8.618598912931561e-07
1096,1096,2.5944720619938467e-06
1097,1097,1.795168815527878e-06
1098,1098,2.7816894532809423e-06
1099,1099,1.9093835065550835e-06
1100,1100,4.50516647422695e-06
1101,1101,4.109203838562564e-06
1102,1102,1.5059057151859248e-05
1103,1103,1.156478968909995e-05
1104,1104,1.4945344904095862e-05
1105,1105,4.9797395368425684e-06
1106,1106,7.612481170770098e-06
1107,1107,5.560693358471995e-06
1108,1108,1.602452123816148e-05
1109,1109,1.6975281186468233e-05
1110,1110,8.124647658675183e-06
1111,1111,2.2399949308461196e-05
1112,1112,2.981325657927994e-05
1113,1113,1.5827096993396943e-05
1114,1114,1.8812954285718577e-05
1115,1115,1.1724526649181835e-05
1116,1116,1.1590274959898273e-05
1117,1117,1.2344213677295502e-05
1118,1118,2.5171782425682207e-05
1119,1119,1.07079162582756e-05
1120,1120,5.028559133508895e-06
1121,1121,1.3056357420596031e-05
1122,1122,2.7950354262935344e-05
1123,1123,7.564475653646309e-06
1124,1124,1.3450475004765447e-06
1125,1125,8.481811082077629e-06
1126,1126,4.955257641526553e-06
1127,1127,1.8482384321379137e-06
1128,1128,2.1008863478183035e-06
1129,1129,2.2392811671250164e-06
1130,1130,1.9015861794362451e-06
1131,1131,1.9949711642013287e-06
1132,1132,1.0257360354322854e-05
1133,1133,8.247875326516596e-07
1134,1134,3.7174359015620905e-06
1135,1135,7.868487933579101e-06
1136,1136,8.51663264113343e-06
1137,1137,9.320127377586391e-06
1138,1138,4.2568164178198e-06
1139,1139,6.925027565882686e-06
1140,1140,1.3504774768993784e-06
1141,1141,3.7294564315096916e-06
1142,1142,1.7381019824633255e-06
1143,1143,1.8568812767906335e-06
1144,1144,2.352987794711415e-06
1145,1145,1.2234590993438498e-06
1146,1146,1.6386752635777544e-06
1147,1147,6.493211306414087e-07
1148,1148,1.3141277113409037e-06
1149,1149,1.7969812512149162e-06
1150,1150,5.187902031734405e-06
1151,1151,2.5049945381664924e-06
1152,1152,3.3134924840088095e-06
1153,1153,5.41567295319749e-06
1154,1154,1.243872055410338e-05
1155,1155,2.0152908114790914e-06
1156,1156,1.6257429974556228e-05
1157,1157,1.5253298623532443e-05
1158,1158,1.9149887408319834e-05
1159,1159,2.0685459299630565e-05
1160,1160,1.5193977704103824e-05
1161,1161,1.827718637291614e-05
1162,1162,1.6306511077344327e-05
1163,1163,1.1085435467405724e-05
1164,1164,1.1976995228526062e-05
1165,1165,1.2521510656777409e-05
1166,1166,3.5103221926704373e-06
1167,1167,6.190050259083894e-06
1168,1168,4.798510205951361e-05
1169,1169,7.238564342526543e-06
1170,1170,6.373436376815091e-06
1171,1171,4.694040598793168e-06
1172,1172,8.609855802265967e-06
1173,1173,9.855255239554218e-06
1174,1174,1.50975753071387e-06
1175,1175,1.3931397467421178e-06
1176,1176,2.09941818825104e-06
1177,1177,2.136779767756285e-06
1178,1178,2.0330484527629093e-06
1179,1179,2.770855708182375e-06
1180,1180,1.919333104596806e-06
1181,1181,3.5150637545741342e-06
1182,1182,8.832871539863066e-06
1183,1183,9.07680603823595e-06
1184,1184,1.5074363654834854e-06
1185,1185,2.007354183892184e-06
1186,1186,2.676446594584122e-06
1187,1187,4.695584767918215e-06
1188,1188,2.456549085662316e-06
1189,1189,2.334644092293439e-06
1190,1190,5.388427220442248e-06
1191,1191,2.301200903160319e-06
1192,1192,2.17442411963956e-06
1193,1193,2.112479052730839e-06
1194,1194,1.999610866656523e-06
1195,1195,2.0596255836499312e-06
1196,1196,1.2462506508578351e-06
1197,1197,8.590806381036593e-07
1198,1198,1.4888988836269392e-06
1199,1199,9.425679243322419e-07
1200,1200,6.7551763823792965e-06
1201,1201,7.530587078505752e-06
1202,1202,2.41799559095508e-06
1203,1203,8.85462188512276e-06
1204,1204,2.9732604437951506e-06
1205,1205,2.090892562310962e-06
1206,1206,3.0471143562969984e-05
1207,1207,3.309200877922676e-05
1208,1208,2.94170238752477e-05
1209,1209,2.9126543370122465e-05
1210,1210,2.3611591157028353e-05
1211,1211,8.73139731704479e-06
1212,1212,9.569447053130501e-06
1213,1213,2.7176909714029847e-05
1214,1214,2.2202387175037594e-05
1215,1215,5.104868449298594e-06
1216,1216,1.7279710125116796e-05
1217,1217,4.598721032142503e-06
1218,1218,6.560150922278145e-06
1219,1219,1.1901427079608827e-05
1220,1220,6.832064569481302e-06
1221,1221,9.251012483563354e-06
1222,1222,8.692353203964148e-06
1223,1223,1.5067261474306343e-05
1224,1224,3.347631406170582e-06
1225,1225,2.816791660924977e-06
1226,1226,9.331248761513561e-07
1227,1227,3.883156789422981e-06
1228,1228,4.399801432716067e-06
1229,1229,4.079030799256404e-06
1230,1230,4.684134943731474e-06
1231,1231,1.3233629936174689e-05
1232,1232,3.405792546206091e-06
1233,1233,1.9278732176729582e-05
1234,1234,1.6315766112627133e-05
1235,1235,2.012554543891167e-06
1236,1236,6.015041252378011e-06
1237,1237,4.279710884359349e-06
1238,1238,2.7514793102820107e-06
1239,1239,1.44668909504546e-06
1240,1240,4.009872157130945e-06
1241,1241,2.3743104408585946e-06
1242,1242,1.884887832922837e-06
1243,1243,8.895578422275255e-07
1244,1244,2.4155701948545816e-06
1245,1245,2.321865390351901e-06
1246,1246,3.970046725064248e-06
1247,1247,9.988272071352845e-07
1248,1248,1.0485588493206601e-06
1249,1249,1.2294284106630915e-06
1250,1250,1.0632262383743716e-05
1251,1251,7.5759815715069875e-06
1252,1252,3.6829239986468002e-06
1253,1253,2.0622864716804824e-06
1254,1254,4.8868748279321225e-06
1255,1255,2.3873978333271918e-06
1256,1256,4.289277633376323e-06
1257,1257,1.4280400130160293e-05
1258,1258,8.075590717910952e-06
1259,1259,2.714527966509398e-06
1260,1260,8.963539128439228e-06
1261,1261,1.9246020716206675e-05
1262,1262,1.5843447240440091e-06
1263,1263,1.4747818659961439e-05
1264,1264,7.68494026138328e-06
1265,1265,1.0267441607470593e-05
1266,1266,2.244512948612162e-05
1267,1267,7.546624241984346e-06
1268,1268,3.4975325575289325e-06
1269,1269,5.157660820888947e-06
1270,1270,5.644621176763249e-06
1271,1271,8.438608305990379e-06
1272,1272,4.426478858919791e-06
1273,1273,2.8177607137022844e-06
1274,1274,1.6745757460077094e-06
1275,1275,1.1964008616994247e-06
1276,1276,1.9369284894324535e-06
1277,1277,1.6160487083219254e-06
1278,1278,3.4041108643748195e-06
1279,1279,1.3415355848930032e-06
1280,1280,6.055217610352921e-06
1281,1281,1.740607811159778e-05
1282,1282,4.296510878204763e-05
1283,1283,3.2800907249943785e-06
1284,1284,5.708440342091766e-06
1285,1285,1.0591508942642143e-06
1286,1286,1.3481810954925012e-06
1287,1287,4.143888465330531e-06
1288,1288,2.0520900844939666e-06
1289,1289,2.1863695154218825e-06
1290,1290,7.151906504394831e-06
1291,1291,7.828198261459716e-06
1292,1292,2.9617836619701594e-06
1293,1293,8.989393336167222e-06
1294,1294,1.4502318822563495e-05
1295,1295,2.66010328735146e-06
1296,1296,4.746980720422742e-06
1297,1297,1.4819966689347328e-06
1298,1298,1.2588580634673953e-06
1299,1299,2.8419319245157296e-06
1300,1300,1.0774938162011837e-05
1301,1301,5.386084606201316e-06
1302,1302,1.111659711436123e-06
1303,1303,1.8787764779859197e-06
1304,1304,7.253367147683855e-06
1305,1305,3.751302384748839e-06
1306,1306,2.8166850198604987e-06
1307,1307,1.3732294027014254e-06
1308,1308,1.218514082078069e-05
1309,1309,2.5140448460893834e-06
1310,1310,3.5465893231191263e-06
1311,1311,9.718587253825106e-07
1312,1312,1.4732986262462154e-06
1313,1313,3.1361927776201942e-06
1314,1314,1.379144679274944e-05
1315,1315,7.479734812518984e-06
1316,1316,1.3813654988038895e-05
1317,1317,1.689149211903763e-05
1318,1318,3.834153649601526e-06
1319,1319,9.524066567480971e-06
1320,1320,3.61056640069513e-06
1321,1321,7.137782967102227e-07
1322,1322,1.4489549168579524e-06
1323,1323,7.869740646004388e-07
1324,1324,1.0352345396507825e-06
1325,1325,4.011735198645964e-06
1326,1326,1.2525381276945918e-06
1327,1327,1.0357827030277047e-06
1328,1328,7.713971204657045e-06
1329,1329,4.898007513335441e-06
1330,1330,4.877486295383541e-06
1331,1331,8.764839789134057e-06
1332,1332,7.600651547051881e-06
1333,1333,1.5492115814041005e-05
1334,1334,7.511263682211726e-06
1335,1335,8.048817527827256e-06
1336,1336,4.219387140946265e-06
1337,1337,2.917194462272586e-06
1338,1338,3.847349093960387e-06
1339,1339,1.9163757197107315e-06
1340,1340,3.5577653277026597e-06
1341,1341,5.004437959515522e-06
1342,1342,1.0139812762654253e-05
1343,1343,3.357374835239064e-06
1344,1344,8.610286539346448e-06
1345,1345,4.6377024265904554e-06
1346,1346,7.917855785207651e-06
1347,1347,1.3127828658926598e-06
1348,1348,4.1676264363913024e-06
1349,1349,1.7677056439222046e-06
1350,1350,4.053841338985019e-06
1351,1351,9.90984506865123e-07
1352,1352,7.773084555087226e-06
1353,1353,1.5768750797436454e-06
1354,1354,2.8511912945039807e-06
1355,1355,2.456162843947798e-06
1356,1356,1.8295625050905943e-06
1357,1357,3.2221070625689122e-06
1358,1358,3.091897053789981e-06
1359,1359,3.3120614287362163e-06
1360,1360,2.261888727225187e-06
1361,1361,3.1150724331561042e-06
1362,1362,2.5877071921215772e-06
1363,1363,1.2613354269205483e-06
1364,1364,2.117823413522924e-06
1365,1365,1.3664319688640752e-05
1366,1366,3.1532669456883926e-05
1367,1367,4.934221685177121e-06
1368,1368,4.209138405177872e-06
1369,1369,2.2383034703255414e-06
1370,1370,1.0895830912080303e-06
1371,1371,2.9240271742660738e-06
1372,1372,8.923794972205071e-07
1373,1373,2.151679157575273e-06
1374,1374,1.1574779228645574e-05
1375,1375,2.88521764432007e-06
1376,1376,1.3337263256323566e-06
1377,1377,6.251728706482069e-06
1378,1378,1.0298425011947579e-05
1379,1379,1.30254434634622e-05
1380,1380,7.47168542703317e-06
1381,1381,1.5873347472238824e-06
1382,1382,1.1211278258926842e-05
1383,1383,1.813072383236112e-05
1384,1384,2.2692345951372384e-06
1385,1385,8.50632654964847e-06
1386,1386,8.313083469310065e-06
1387,1387,1.2411329235068264e-06
1388,1388,4.538145226090189e-06
1389,1389,8.20988104716553e-06
1390,1390,7.414346821059314e-06
1391,1391,2.2903806419708676e-06
1392,1392,2.3280868072870776e-06
1393,1393,3.780293836005726e-06
1394,1394,1.0068782681483326e-05
1395,1395,1.0222100307772444e-05
1396,1396,9.885952542251511e-06
1397,1397,6.664484789482129e-06
1398,1398,1.249389596113556e-06
1399,1399,2.7101807684867018e-06
1400,1400,2.9077570105645094e-06
1401,1401,3.167071505776878e-06
1402,1402,2.2420640184805834e-06
1403,1403,9.323788428077266e-07
1404,1404,1.2038371936748868e-06
1405,1405,2.7362469138714482e-06
1406,1406,9.004691930175874e-06
1407,1407,3.340791309183735e-06
1408,1408,3.1586837613426365e-06
1409,1409,6.0988675813000896e-06
1410,1410,1.114355257398685e-05
1411,1411,8.715044624901815e-06
1412,1412,2.5319797936701637e-05
1413,1413,1.0474877582071176e-05
1414,1414,1.8024970777019885e-06
1415,1415,3.1672671816727453e-06
1416,1416,9.467773050046398e-06
1417,1417,2.1145271697453865e-06
1418,1418,2.1584451275284603e-06
1419,1419,1.4038048449892813e-06
1420,1420,1.7394489261986812e-06
1421,1421,1.9093749435153735e-06
1422,1422,3.739802447498067e-06
1423,1423,6.912116647368023e-06
1424,1424,5.670196167255972e-06
1425,1425,5.5379676117141814e-06
1426,1426,2.0699828040085105e-06
1427,1427,2.213054640720714e-06
1428,1428,2.3314438470699617e-06
1429,1429,6.088275185343421e-06
1430,1430,4.512979491054761e-06
1431,1431,1.019850566396461e-05
1432,1432,5.063368543225943e-06
1433,1433,1.4761552164789335e-06
1434,1434,5.7222677972825425e-06
1435,1435,1.116852716600971e-06
1436,1436,1.1247446355099274e-06
1437,1437,5.1971626253838536e-06
1438,1438,3.907927950474598e-06
1439,1439,8.638558972398037e-06
1440,1440,1.7037635519283093e-06
1441,1441,1.4564738782691642e-05
1442,1442,1.8740144627922533e-06
1443,1443,4.56452737897394e-06
1444,1444,8.616380721519527e-06
1445,1445,1.0278264246214884e-05
1446,1446,1.0320061088522695e-05
1447,1447,6.681549371039996e-06
1448,1448,1.887671589236988e-06
1449,1449,9.481823879516224e-07
1450,1450,9.795193339672423e-06
1451,1451,2.8492227186935758e-06
1452,1452,1.7847206764980694e-06
1453,1453,2.7158708085189154e-06
1454,1454,3.6573385823268256e-05
1455,1455,3.088040753881822e-06
1456,1456,1.7725872319387725e-06
1457,1457,7.606350020510696e-06
1458,1458,1.0673033629446908e-05
1459,1459,1.765290560931883e-05
1460,1460,3.3523058137756915e-05
1461,1461,1.0859189866392882e-05
1462,1462,4.982457192334465e-05
1463,1463,1.2028236942202357e-05
1464,1464,1.0845260401672971e-05
1465,1465,4.269672990101672e-06
1466,1466,1.339178285166335e-06
1467,1467,1.2361265558086208e-06
1468,1468,2.759704793980715e-06
1469,1469,1.831827424120887e-06
1470,1470,1.3085995829631343e-06
1471,1471,1.5238706841008491e-06
1472,1472,2.347300180465396e-06
1473,1473,3.7534429459149643e-06
1474,1474,1.4401443215257937e-06
1475,1475,2.05496916332571e-06
1476,1476,8.847017717752787e-06
1477,1477,6.695654237313253e-06
1478,1478,9.71911072373303e-07
1479,1479,5.306267461593139e-06
1480,1480,1.3989848333173472e-05
1481,1481,7.555591414799477e-06
1482,1482,4.1349468546656755e-06
1483,1483,3.520777409609197e-06
1484,1484,2.173048343168757e-06
1485,1485,3.7486711751975704e-06
1486,1486,4.773494568834422e-07
1487,1487,1.795745559213066e-05
1488,1488,2.014898215206453e-05
1489,1489,1.8963902132298779e-06
1490,1490,2.1576009763044957e-06
1491,1491,4.167042507858263e-06
1492,1492,4.0335107045600585e-06
1493,1493,2.9890444277906146e-06
1494,1494,9.384766691562112e-06
1495,1495,3.529637966228401e-06
1496,1496,1.8719394488577606e-05
1497,1497,7.459186275357387e-06
1498,1498,2.084241874521862e-06
1499,1499,1.1513003065791092e-06
1500,1500,5.879904833071317e-06
1501,1501,2.140482998499959e-06
1502,1502,1.189375048059726e-06
1503,1503,2.7266301438252947e-06
1504,1504,3.684799748495159e-05
1505,1505,5.866895332550735e-06
1506,1506,4.678031552248856e-06
1507,1507,2.1280208945055054e-05
1508,1508,5.512791766014636e-06
1509,1509,3.844049873537031e-06
1510,1510,1.4265285842894237e-05
1511,1511,2.9568603025072726e-05
1512,1512,1.0157106692508796e-05
1513,1513,6.628453921317144e-06
1514,1514,3.0264654959321313e-05
1515,1515,3.0385041227298177e-06
1516,1516,1.3045501301481087e-06
1517,1517,9.516792840156471e-07
1518,1518,3.3276839634038825e-06
1519,1519,1.6489857085225584e-06
1520,1520,1.7456500840462993e-06
1521,1521,2.8843078814424936e-06
1522,1522,8.193286214640863e-06
1523,1523,1.4346228290583478e-06
1524,1524,1.1930811628585934e-06
1525,1525,8.346453835979144e-06
1526,1526,3.5080416902945137e-06
1527,1527,6.652423051449661e-06
1528,1528,9.128867002352603e-06
1529,1529,9.235040632707545e-06
1530,1530,4.732908969394004e-06
1531,1531,2.6705848024692576e-06
1532,1532,3.196228519907258e-06
1533,1533,4.570654746463009e-06
1534,1534,9.450418949834687e-07
1535,1535,3.800902183103355e-06
1536,1536,1.4281265489564712e-05
1537,1537,3.540247634322795e-06
1538,1538,1.72859859651257e-05
1539,1539,1.2771191843274923e-06
1540,1540,2.0779722901502818e-06
1541,1541,4.366648437007451e-06
1542,1542,4.140428368039532e-06
1543,1543,3.52198728341282e-06
1544,1544,2.2793356941712105e-05
1545,1545,1.0695721249061599e-05
1546,1546,1.0100323563483638e-06
1547,1547,0.00033992986582894597
1548,1548,8.068245228143897e-07
1549,1549,7.104958382273125e-07
1550,1550,7.3682716346008145e-06
1551,1551,2.158097177003789e-06
1552,1552,2.893341013928987e-06
1553,1553,3.741040114250155e-06
1554,1554,3.731943822274207e-06
1555,1555,9.84399932847781e-06
1556,1556,6.766258512553348e-06
1557,1557,4.6418481899676915e-06
1558,1558,2.7806173552403268e-05
1559,1559,1.024034693079021e-05
1560,1560,2.5776330812267552e-05
1561,1561,3.911601077686901e-05
1562,1562,3.666441891426515e-06
1563,1563,1.156399393345696e-05
1564,1564,2.6353250741713354e-06
1565,1565,4.362084435141187e-06
1566,1566,1.8988046180380478e-06
1567,1567,1.7499198685723374e-06
1568,1568,1.1552111079774408e-06
1569,1569,1.953097310021786e-06
1570,1570,2.051293852601475e-06
1571,1571,1.3137955938466541e-06
1572,1572,1.157124082868565e-06
1573,1573,9.538006774197248e-07
1574,1574,2.175635855093944e-06
1575,1575,2.1843248813703668e-06
1576,1576,1.1006221255468417e-06
1577,1577,2.7574270048143923e-06
1578,1578,1.1971606631669603e-05
1579,1579,6.129018306004129e-06
1580,1580,2.4666619099849378e-06
1581,1581,3.3047329226529795e-06
1582,1582,5.448873898593583e-06
1583,1583,4.008820642645035e-06
1584,1584,1.4674072765595108e-06
1585,1585,2.446666990448679e-06
1586,1586,2.580384578064722e-06
1587,1587,6.504532803989496e-06
1588,1588,6.002910342375163e-06
1589,1589,1.6416971170516441e-06
1590,1590,9.367643569406044e-07
1591,1591,4.257518082811287e-06
1592,1592,6.459247635621282e-06
1593,1593,2.0492065950384805e-05
1594,1594,8.369109836907306e-06
1595,1595,9.460976344961878e-07
1596,1596,8.288144644222119e-07
1597,1597,0.0003065259054145319
1598,1598,1.236678263767836e-06
1599,1599,0.0003727078080300938
1600,1600,4.525866119742149e-06
1601,1601,3.2809802777322417e-06
1602,1602,2.98379177364469e-06
1603,1603,2.6227707306138575e-06
1604,1604,7.34628418102154e-06
1605,1605,6.061218135406514e-06
1606,1606,6.7133032573479205e-06
1607,1607,9.746907730085308e-06
1608,1608,1.8774544387124155e-05
1609,1609,1.5774231372956274e-05
1610,1610,2.1838943822868066e-05
1611,1611,1.3367161378382182e-05
1612,1612,9.284363347517165e-07
1613,1613,6.718594366411245e-07
1614,1614,1.1756252876854967e-06
1615,1615,1.2024780957443342e-05
1616,1616,1.6006199910724264e-06
1617,1617,2.386909357328825e-06
1618,1618,2.362399055794216e-06
1619,1619,1.8804898654115132e-06
1620,1620,7.765770911980744e-07
1621,1621,1.2493716896598911e-06
1622,1622,9.86661124832035e-07
1623,1623,2.0331098107021055e-06
1624,1624,1.5610059475421585e-06
1625,1625,2.0864232069866123e-06
1626,1626,1.2872258310327572e-06
1627,1627,2.4704668504803356e-06
1628,1628,2.97190327189098e-06
1629,1629,7.999312219466987e-07
1630,1630,9.091709618198758e-07
1631,1631,1.2191367035694727e-06
1632,1632,5.690115692508829e-06
1633,1633,1.79997475204507e-06
1634,1634,1.1816373136915878e-06
1635,1635,1.0140841013626182e-06
1636,1636,4.4335902127877464e-06
1637,1637,5.930550922815589e-06
1638,1638,1.3648116903401747e-06
1639,1639,3.999533626598857e-06
1640,1640,2.737668599899168e-06
1641,1641,4.386863770760651e-06
1642,1642,2.7914204089252013e-05
1643,1643,1.0513525366044978e-05
1644,1644,5.575907864766489e-07
1645,1645,6.040588066021019e-06
1646,1646,0.000579737364754662
1647,1647,0.00029362075778156896
1648,1648,9.220017244975331e-07
1649,1649,1.0660492233503132e-05
1650,1650,4.00220292832376e-06
1651,1651,3.0359131830686483e-06
1652,1652,7.540164225943436e-06
1653,1653,3.934619138984856e-06
1654,1654,2.5113939044914664e-06
1655,1655,3.2434907518135764e-06
1656,1656,2.5194277531818046e-05
1657,1657,9.227634147025891e-06
1658,1658,1.400254489984153e-05
1659,1659,6.021319022341375e-06
1660,1660,4.423821112708212e-06
1661,1661,2.0547632027703476e-06
1662,1662,9.07115318007209e-06
1663,1663,1.2886811847545877e-06
1664,1664,1.3999025921223245e-06
1665,1665,1.1738918857109798e-06
1666,1666,7.731337501043354e-06
1667,1667,4.107180682480137e-06
1668,1668,8.341545339774187e-07
1669,1669,1.4452731899276925e-06
1670,1670,1.1433232830341407e-06
1671,1671,1.2350199151944438e-06
1672,1672,1.734479159205141e-06
1673,1673,3.4163505352274917e-06
1674,1674,7.785624118965301e-07
1675,1675,1.4291092831239143e-06
1676,1676,1.1052178323428115e-06
1677,1677,2.6111419155774312e-06
1678,1678,7.623244474188568e-07
1679,1679,1.0524721729140728e-06
1680,1680,1.8415691265987808e-06
1681,1681,4.390724525941376e-06
1682,1682,1.4894473368673243e-06
1683,1683,3.6536906124956325e-06
1684,1684,7.437107096286687e-07
1685,1685,1.2496964474886902e-06
1686,1686,6.763950197884933e-06
1687,1687,5.625548040550658e-06
1688,1688,3.5307689079902706e-06
1689,1689,2.2603792207949294e-06
1690,1690,2.5863875919371555e-06
1691,1691,1.4422889705867543e-06
1692,1692,7.497021379250639e-06
1693,1693,2.584196229531955e-06
1694,1694,0.00021852769517927118
1695,1695,0.000532052458574264
1696,1696,0.0005417162635481133
1697,1697,9.522816537048557e-05
1698,1698,0.00037170156202639526
1699,1699,0.0002324032470396719
1700,1700,1.8069200956086267e-05
1701,1701,4.746141929966643e-06
1702,1702,3.682927241224577e-06
1703,1703,1.3245121612262826e-05
1704,1704,3.694652430078505e-06
1705,1705,1.97402315721743e-06
1706,1706,1.1587107545467033e-05
1707,1707,2.938864840765811e-05
1708,1708,1.4288205105705643e-05
1709,1709,2.0097566607288182e-05
1710,1710,1.3700096301600983e-06
1711,1711,1.4347210510959636e-06
1712,1712,4.116044060638856e-06
1713,1713,1.7224554094789098e-06
1714,1714,5.091426208824922e-06
1715,1715,6.0885397066425e-06
1716,1716,1.6762474245733736e-06
1717,1717,1.6802039740460996e-06
1718,1718,1.6938654904234853e-06
1719,1719,1.153016612947153e-06
1720,1720,1.1102292207791057e-06
1721,1721,1.5497373539680145e-06
1722,1722,1.4563567548492886e-06
1723,1723,1.5599625594336713e-06
1724,1724,2.407248814021566e-06
1725,1725,1.534688927827171e-06
1726,1726,1.010405307127961e-06
1727,1727,8.680514468419881e-07
1728,1728,2.3225352259762364e-06
1729,1729,5.029260778393895e-06
1730,1730,1.22468075823534e-06
1731,1731,3.33215456259447e-06
1732,1732,3.907170907416672e-06
1733,1733,2.8467506841813157e-06
1734,1734,7.911568320694512e-06
1735,1735,1.0293897423738995e-06
1736,1736,1.3427920484601359e-06
1737,1737,2.6145079210408295e-06
1738,1738,1.6707882784336557e-06
1739,1739,1.0610962079797819e-06
1740,1740,3.168648763694749e-06
1741,1741,2.2005783638196523e-06
1742,1742,1.700235572476845e-05
1743,1743,1.759185167536883e-06
1744,1744,0.000382295623621758
1745,1745,0.00013417872254272846
1746,1746,0.0010294087007077712
1747,1747,0.0005216902652030738
1748,1748,0.000858472730923195
1749,1749,0.0022745519035129195
1750,1750,4.137810639334045e-06
1751,1751,3.5955497243851455e-06
1752,1752,6.525077334066843e-06
1753,1753,1.3443207447014361e-05
1754,1754,4.618168987747102e-06
1755,1755,3.2185532309093944e-06
1756,1756,5.187588626714933e-06
1757,1757,9.353458161890208e-06
1758,1758,6.252270761144047e-06
1759,1759,1.358962648853012e-06
1760,1760,3.4783861815286318e-06
1761,1761,5.80770744927859e-06
1762,1762,1.2107164296262794e-05
1763,1763,2.244404611844379e-06
1764,1764,2.9986988608534533e-06
1765,1765,1.489945964892424e-06
1766,1766,4.4610900947089516e-06
1767,1767,1.7754850780228575e-06
1768,1768,1.1031754930916841e-06
1769,1769,1.186602344825606e-06
1770,1770,1.888963666249738e-06
1771,1771,9.486047311061714e-07
1772,1772,1.5000914945625822e-06
1773,1773,1.080142783220569e-06
1774,1774,1.7247506331475129e-06
1775,1775,3.3525208719931322e-06
1776,1776,2.459324583386057e-06
1777,1777,1.2798275487651e-06
1778,1778,2.620925586139436e-06
1779,1779,1.3715700701312414e-06
1780,1780,3.5692813140724294e-06
1781,1781,7.190714026362015e-06
1782,1782,6.096562450941713e-06
1783,1783,4.295592686729277e-06
1784,1784,5.8057682561541545e-06
1785,1785,3.0745866011637613e-06
1786,1786,5.881506236428341e-07
1787,1787,2.804794354746281e-06
1788,1788,2.492549266985324e-06
1789,1789,3.2733634336375622e-06
1790,1790,4.618586650297769e-06
1791,1791,3.984409472464655e-06
1792,1792,2.063689228441093e-06
1793,1793,2.7827167252773915e-06
1794,1794,0.0002623839038727177
1795,1795,8.029499508390803e-06
1796,1796,0.0017760209032321474
1797,1797,0.0015083914832525716
1798,1798,0.0005075191674335092
1799,1799,0.0006292669925671642
1800,1800,8.555016373260131e-07
1801,1801,1.963955300228779e-06
1802,1802,2.820836669550162e-06
1803,1803,4.723095366502049e-06
1804,1804,5.883840530052512e-06
1805,1805,1.3197652971145723e-05
1806,1806,2.730028751335195e-06
1807,1807,6.9602002756416505e-06
1808,1808,5.141821769064143e-06
1809,1809,1.9158162194754193e-06
1810,1810,5.602537416318333e-06
1811,1811,1.456148348289307e-05
1812,1812,2.7435718277083337e-06
1813,1813,2.0063954773527155e-06
1814,1814,3.353896100591517e-06
1815,1815,2.4062294966236053e-06
1816,1816,8.872246117675936e-07
1817,1817,2.48795404292448e-06
1818,1818,1.3034354738367764e-06
1819,1819,2.563381138384955e-06
1820,1820,1.9069394447766577e-06
1821,1821,2.474872623069058e-06
1822,1822,1.5724239346588031e-06
1823,1823,1.0840651274498528e-06
1824,1824,2.232034008584369e-06
1825,1825,1.3287674240594163e-06
1826,1826,2.2495701564296238e-06
1827,1827,1.3281458664039932e-06
1828,1828,1.964324214097288e-06
1829,1829,2.435294749325866e-06
1830,1830,9.10048571178581e-06
1831,1831,3.0978191168873785e-06
1832,1832,2.1233452481252252e-06
1833,1833,3.897257867783306e-06
1834,1834,5.454763204859453e-06
1835,1835,3.401519718762273e-06
1836,1836,1.417181395417824e-06
1837,1837,3.22555286292861e-06
1838,1838,8.262832271389032e-06
1839,1839,5.617855153470099e-06
1840,1840,5.002131033305915e-06
1841,1841,2.1789575474418633e-06
1842,1842,2.4081842998068374e-06
1843,1843,5.204835347294031e-06
1844,1844,6.930304079452812e-07
1845,1845,4.637281116262353e-05
1846,1846,6.994527185011052e-05
1847,1847,2.4002346181233122e-05
1848,1848,0.0002598903723440373
1849,1849,9.726469390455241e-05
1850,1850,0.0005688326308971359
1851,1851,6.951552465283976e-07
1852,1852,8.875221268664313e-07
1853,1853,1.317183477302616e-05
1854,1854,7.929525458690687e-06
1855,1855,8.41615183498543e-06
1856,1856,4.723393736807284e-06
1857,1857,2.631394962107021e-06
1858,1858,2.7696769328716703e-06
1859,1859,3.456818396949605e-06
1860,1860,1.73325351926415e-05
1861,1861,5.342182397065603e-06
1862,1862,2.0020368566410794e-06
1863,1863,4.151132670795618e-06
1864,1864,1.0849346993162486e-06
1865,1865,6.710057819433233e-06
1866,1866,2.076660819408076e-06
1867,1867,1.3504088494658447e-06
1868,1868,1.2492882062190277e-06
1869,1869,1.2313820642640726e-06
1870,1870,3.4216999123520844e-06
1871,1871,1.4175123573004828e-06
1872,1872,2.845650837222816e-06
1873,1873,2.442281695327158e-06
1874,1874,8.176703904663538e-06
1875,1875,3.0512464181808603e-06
1876,1876,1.9166112820689875e-06
1877,1877,4.7154259969878976e-06
1878,1878,1.934216845402538e-06
1879,1879,6.344641704185188e-06
1880,1880,2.6425604034941357e-06
1881,1881,3.1145891536462554e-06
1882,1882,6.3492587941906855e-06
1883,1883,2.6525886701326144e-06
1884,1884,1.4357560119677488e-06
1885,1885,1.5314256749816979e-06
1886,1886,1.1422815174904912e-06
1887,1887,2.1585457680161357e-06
1888,1888,1.628194409420726e-05
1889,1889,4.034345107031619e-06
1890,1890,2.6285579909100535e-06
1891,1891,9.044090273953535e-06
1892,1892,1.531326687334589e-06
1893,1893,3.3284188741124723e-06
1894,1894,6.851909656354756e-07
1895,1895,2.1485274830248207e-06
1896,1896,0.0009683587591431174
1897,1897,5.482519349005443e-06
1898,1898,2.1839011106568698e-06
1899,1899,2.8204782574522908e-06
1900,1900,0.0003293941193238204
1901,1901,1.4874682831415074e-06
1902,1902,8.842448507384955e-06
1903,1903,2.818156053849054e-06
1904,1904,2.5724286088767305e-06
1905,1905,6.8043333945951804e-06
1906,1906,2.1590594990647937e-06
1907,1907,2.934697995971937e-06
1908,1908,2.5269899938821252e-06
1909,1909,4.28734377850569e-06
1910,1910,4.385544222242461e-06
1911,1911,2.2359367689397952e-05
1912,1912,1.4768582897124821e-05
1913,1913,2.859610238607369e-06
1914,1914,1.4676479176625233e-06
1915,1915,1.1486531968988528e-05
1916,1916,4.512407391367954e-06
1917,1917,1.2811227073388216e-06
1918,1918,1.5962497531400338e-06
1919,1919,2.6580727137435844e-06
1920,1920,1.2800579306406922e-06
1921,1921,7.954229440614637e-07
1922,1922,5.896079736602881e-07
1923,1923,1.0502433072540627e-06
1924,1924,1.2822780562692294e-06
1925,1925,1.3188639294388295e-06
1926,1926,2.5648824916343683e-06
1927,1927,1.4747745955772825e-06
1928,1928,3.970760817177567e-06
1929,1929,6.102245208196181e-06
1930,1930,2.4693812094505e-06
1931,1931,2.9572800606692536e-06
1932,1932,4.67620397651627e-06
1933,1933,1.3336872281216058e-06
1934,1934,1.5240526052655335e-06
1935,1935,2.8338575962930963e-06
1936,1936,7.1537445212076025e-06
1937,1937,1.4629947792078617e-05
1938,1938,5.051446992852826e-06
1939,1939,5.0793209706028844e-06
1940,1940,6.298847295136032e-06
1941,1941,1.2393202193879717e-05
1942,1942,6.220219830937996e-06
1943,1943,8.287076633909084e-07
1944,1944,1.5008665243264205e-06
1945,1945,9.070416212934226e-07
1946,1946,0.0005732213665555256
1947,1947,6.125065955561363e-05
1948,1948,0.0005696024639503986
1949,1949,0.000509229180426404
1950,1950,0.0007360688928165664
1951,1951,0.0002119015579926664
1952,1952,6.636526391237151e-07
1953,1953,6.627089096117204e-07
1954,1954,1.4134378483258955e-06
1955,1955,7.601536477372935e-06
1956,1956,2.878007896043582e-06
1957,1957,6.013296503700414e-06
1958,1958,1.0063759371889864e-05
1959,1959,2.3264942814215035e-06
1960,1960,7.099838255483034e-06
1961,1961,2.859552362504688e-06
1962,1962,4.168590135512789e-06
1963,1963,1.1124816718137927e-06
1964,1964,1.2812293625758876e-06
1965,1965,7.601205162486979e-07
1966,1966,1.7059007893548615e-06
1967,1967,2.274320499510611e-06
1968,1968,2.4473108642588942e-06
1969,1969,4.187294528490387e-06
1970,1970,1.3059489154272713e-06
1971,1971,1.4209126295610232e-06
1972,1972,1.425824192891313e-06
1973,1973,9.196824196143156e-07
1974,1974,1.671224939185564e-06
1975,1975,4.386760803880237e-06
1976,1976,1.411416262979505e-06
1977,1977,1.7154222148823424e-05
1978,1978,3.3679362886040204e-06
1979,1979,2.311911234642933e-06
1980,1980,9.880017932025033e-07
1981,1981,1.3370812753796753e-06
1982,1982,3.0825007097452027e-06
1983,1983,1.689304089691023e-06
1984,1984,0.00019130343579858825
1985,1985,2.5640204296140364e-06
1986,1986,2.279973997131341e-06
1987,1987,2.882901497441632e-06
1988,1988,5.055162653853858e-06
1989,1989,1.1710928726695766e-05
1990,1990,1.5579403088033185e-05
1991,1991,1.0250048830819186e-05
1992,1992,5.68435220987097e-06
1993,1993,8.591507055938617e-07
1994,1994,9.981449747267023e-07
1995,1995,0.00027567014563594644
1996,1996,7.531189876910586e-05
1997,1997,4.3043339035827964e-05
1998,1998,0.0003269900796564465
1999,1999,0.000228548153039157
2000,2000,0.0006804939625436784
2001,2001,3.4666067430436956e-05
2002,2002,2.6764138053379648e-05
2003,2003,9.492544345994883e-07
2004,2004,1.1665980741240113e-06
2005,2005,6.877349454089398e-06
2006,2006,5.578886266561958e-06
2007,2007,1.0478502330216718e-05
2008,2008,3.5105394339940583e-06
2009,2009,2.7850604262588237e-06
2010,2010,1.140037793471672e-05
2011,2011,2.628842099532608e-06
2012,2012,2.060338479139564e-06
2013,2013,3.7321078124518986e-06
2014,2014,1.8007518734624247e-06
2015,2015,1.404201490411738e-06
2016,2016,9.595994096221196e-07
2017,2017,1.3895901907661356e-06
2018,2018,1.4210881469016416e-06
2019,2019,1.9313602217401622e-06
2020,2020,2.811047903164848e-06
2021,2021,4.183979534325415e-06
2022,2022,1.1372588504478785e-06
2023,2023,3.0348618541332974e-06
2024,2024,8.978836317124392e-07
2025,2025,2.3065272782827797e-06
2026,2026,7.898098796457995e-07
2027,2027,1.1378313704111413e-06
2028,2028,2.224454700897014e-06
2029,2029,1.7859892977217565e-06
2030,2030,1.8012331224617512e-06
2031,2031,3.533539940477332e-06
2032,2032,1.6344177295812272e-06
2033,2033,2.8275626047112173e-06
2034,2034,2.918140804121606e-06
2035,2035,1.269961361505131e-06
2036,2036,3.3311926537039846e-06
2037,2037,5.304032435196248e-06
2038,2038,2.318695826482325e-06
2039,2039,1.1825947247962238e-05
2040,2040,7.504115813071707e-06
2041,2041,3.8761883838008935e-05
2042,2042,7.210877124834563e-07
2043,2043,7.933971897931412e-07
2044,2044,9.873336933968305e-07
2045,2045,0.0005902116737897986
2046,2046,7.578310523637122e-07
2047,2047,8.01035352502953e-07
2048,2048,6.325043180233728e-07
2049,2049,7.7302362109283e-05
2050,2050,0.0001727909107931981
2051,2051,0.0005961866826777071
2052,2052,5.302567171457063e-07
2053,2053,7.643185421717018e-07
2054,2054,6.061695310787912e-06
2055,2055,3.4495960840371498e-06
2056,2056,1.0563022736823914e-05
2057,2057,3.818402233061033e-06
2058,2058,6.3023845911210864e-06
2059,2059,5.11017269493573e-06
2060,2060,2.1681229470032005e-06
2061,2061,7.492923887093036e-06
2062,2062,1.2799938388977489e-05
2063,2063,1.0919643317289905e-05
2064,2064,1.7728754033026487e-06
2065,2065,1.0370458096276036e-06
2066,2066,1.4536548127462592e-06
2067,2067,1.3054978606239606e-06
2068,2068,1.6687712495456684e-06
2069,2069,2.1076004296290153e-06
2070,2070,1.2647981673581217e-06
2071,2071,1.519983556417157e-06
2072,2072,7.740973326800639e-07
2073,2073,1.4659822046944553e-06
2074,2074,1.0759662098959303e-06
2075,2075,1.8702287583510001e-06
2076,2076,5.35447235799168e-06
2077,2077,1.3477674741278452e-06
2078,2078,1.7008299450724812e-06
2079,2079,2.1841493421018087e-06
2080,2080,3.3078917742165166e-06
2081,2081,1.7297511275919405e-06
2082,2082,2.4922015058667213e-06
2083,2083,3.1400037555922507e-06
2084,2084,1.0124841057401148e-06
2085,2085,1.4594524798855431e-06
2086,2086,2.0062721679505413e-06
2087,2087,1.127416657796743e-06
2088,2088,8.174988070102338e-06
2089,2089,3.0563696419757802e-06
2090,2090,1.7553559839776489e-06
2091,2091,7.692366189667078e-07
2092,2092,8.144134834333219e-07
2093,2093,8.475263335918697e-07
2094,2094,3.1796694548836296e-05
2095,2095,7.634685733974694e-07
2096,2096,9.077831722862539e-07
2097,2097,7.737485394171503e-07
2098,2098,9.839273367919327e-07
2099,2099,1.2092716847938132e-06
2100,2100,0.000451639069002161
2101,2101,1.4217871375215545e-05
2102,2102,6.364271856956723e-07
2103,2103,1.0589540432714116e-06
2104,2104,3.6056434526263854e-06
2105,2105,5.113256846309894e-06
2106,2106,5.297521942264184e-06
2107,2107,1.2867970128599787e-05
2108,2108,1.0185432383448874e-05
2109,2109,1.8717888218493e-06
2110,2110,6.574765339477798e-06
2111,2111,3.132528890868272e-05
2112,2112,7.327904969571368e-06
2113,2113,8.900434888854965e-06
2114,2114,5.402866597031199e-06
2115,2115,1.680946175979588e-05
2116,2116,4.8386855171275875e-06
2117,2117,4.420761291045295e-06
2118,2118,1.6196201622949415e-06
2119,2119,1.2274283118682304e-06
2120,2120,3.4643867291923843e-06
2121,2121,1.1485588885380644e-06
2122,2122,4.846664573171365e-06
2123,2123,1.1758891169194534e-06
2124,2124,1.6056366115467895e-06
2125,2125,1.460138679556854e-06
2126,2126,2.183304238865787e-06
2127,2127,1.2248457735300385e-06
2128,2128,1.5333782195982802e-06
2129,2129,2.4306733939147153e-06
2130,2130,2.650552755145277e-06
2131,2131,1.3970384072598956e-06
2132,2132,2.2345632445445e-06
2133,2133,9.758086734436232e-07
2134,2134,0.0006032483953912131
2135,2135,0.00011383307537583207
2136,2136,0.0001001975659463332
2137,2137,2.4112140185523863e-06
2138,2138,2.5941069187129283e-06
2139,2139,1.1248426161689558e-06
2140,2140,7.159470028638259e-07
2141,2141,8.268878566477371e-07
2142,2142,8.71783474135056e-07
2143,2143,8.735822989535453e-06
2144,2144,0.0011458300446872763
2145,2145,6.043814251154615e-05
2146,2146,1.085374959632573e-06
2147,2147,8.720632105227101e-07
2148,2148,6.554982103302645e-07
2149,2149,1.463929140042039e-06
2150,2150,2.5582686552935287e-06
2151,2151,7.766733660030419e-07
2152,2152,1.7402450912069732e-06
2153,2153,1.391164471419005e-06
2154,2154,2.9042118594825017e-06
2155,2155,9.075739941793435e-06
2156,2156,1.629777162184652e-05
2157,2157,4.9512281739753565e-06
2158,2158,2.1383831055636316e-06
2159,2159,3.149934624628255e-06
2160,2160,1.4023887939549316e-06
2161,2161,9.441954593972346e-07
2162,2162,2.277056236036322e-06
2163,2163,7.445602402059715e-06
2164,2164,2.1888933630729284e-05
2165,2165,2.70359027568606e-06
2166,2166,1.5905831524211487e-05
2167,2167,6.7735479313504175e-06
2168,2168,2.112967436950263e-06
2169,2169,1.8712505006064385e-06
2170,2170,2.6479460795549197e-06
2171,2171,2.7596896910100585e-06
2172,2172,1.6762338951221472e-06
2173,2173,9.040164569326795e-07
2174,2174,1.5681406546397622e-06
2175,2175,3.9869449084510075e-06
2176,2176,5.039810045819415e-06
2177,2177,2.172090592700883e-06
2178,2178,4.8689842980333594e-06
2179,2179,4.25567996519501e-06
2180,2180,1.715376377432999e-06
2181,2181,4.897600682253657e-06
2182,2182,3.6959318835541092e-06
2183,2183,1.3983407806633685e-05
2184,2184,0.0008054897403526851
2185,2185,0.0003593335789304777
2186,2186,6.917815906597683e-07
2187,2187,7.184758145089891e-07
2188,2188,6.641842211041918e-07
2189,2189,9.045151405930098e-07
2190,2190,7.375218774428907e-07
2191,2191,8.026795878128482e-07
2192,2192,6.310578239776743e-07
2193,2193,0.0006949757735274035
2194,2194,8.921444604960192e-06
2195,2195,0.0007554251922465465
2196,2196,9.750153332537427e-07
2197,2197,5.75410405157616e-07
2198,2198,8.645656250167998e-07
2199,2199,5.724772781859538e-06
2200,2200,1.1548646934325457e-06
2201,2201,9.353846450710647e-07
2202,2202,1.1728352496806732e-06
2203,2203,6.429137757951764e-05
2204,2204,3.1143874763348724e-06
2205,2205,6.370960152646601e-06
2206,2206,9.928733929816881e-06
2207,2207,1.1919588673137064e-06
2208,2208,1.3101828432283302e-05
2209,2209,1.0539503494744424e-06
2210,2210,1.3773773038380661e-06
2211,2211,3.3861500538288415e-06
2212,2212,2.0393935013485646e-05
2213,2213,1.1678441801666239e-05
2214,2214,4.633177765958384e-06
2215,2215,2.7666126527927996e-05
2216,2216,3.927358163655634e-05
2217,2217,9.844701359617106e-06
2218,2218,2.147967254639635e-06
2219,2219,1.9651565149893983e-06
2220,2220,2.0830471276319736e-06
2221,2221,2.5098398415170358e-06
2222,2222,3.139661372777501e-06
2223,2223,4.392176506071638e-06
2224,2224,1.1278330927837558e-05
2225,2225,7.2909090073750155e-06
2226,2226,6.391173336591574e-06
2227,2227,1.8984554206799641e-06
2228,2228,8.250702974540673e-06
2229,2229,5.875084873796771e-06
2230,2230,7.2168227316652695e-06
2231,2231,3.22565470679917e-06
2232,2232,1.6414686838481173e-05
2233,2233,0.0008210847439013272
2234,2234,0.0010259357831249422
2235,2235,0.00044684440278673225
2236,2236,1.1908515838639632e-05
2237,2237,8.206197809840657e-07
2238,2238,9.194732901118152e-07
2239,2239,6.60786151994696e-07
2240,2240,8.234218451874294e-07
2241,2241,2.484729437154484e-06
2242,2242,9.066287121660881e-07
2243,2243,8.051125266759909e-07
2244,2244,1.5816137368863076e-06
2245,2245,6.21912599097973e-07
2246,2246,9.687187223872127e-07
2247,2247,1.0361089315688354e-06
2248,2248,2.2013578046312904e-05
2249,2249,2.3915062072607625e-06
2250,2250,0.00028773476154555735
2251,2251,6.933493662765828e-07
2252,2252,1.445944437877271e-06
2253,2253,3.11264726574069e-06
2254,2254,2.489338337773059e-06
2255,2255,2.8467215723943626e-06
2256,2256,3.7178572270568494e-06
2257,2257,2.232342499051057e-06
2258,2258,2.79683497057545e-06
2259,2259,4.1538344739954475e-06
2260,2260,5.954443545302823e-06
2261,2261,4.660010780275156e-06
2262,2262,3.205656453764211e-06
2263,2263,8.816444306738263e-06
2264,2264,2.091988017829359e-06
2265,2265,1.938787674941317e-05
2266,2266,2.62679695831999e-06
2267,2267,2.0225443906483875e-05
2268,2268,1.743310698752579e-05
2269,2269,9.391561943302113e-06
2270,2270,9.033372959732524e-07
2271,2271,1.6210947083663815e-06
2272,2272,6.007115840524124e-06
2273,2273,2.1839716937581126e-06
2274,2274,5.163268783259215e-06
2275,2275,2.7991215754235186e-06
2276,2276,2.348106206715633e-06
2277,2277,4.452057489289189e-06
2278,2278,1.147581058319171e-05
2279,2279,2.0505150964152824e-05
2280,2280,3.214506684494224e-06
2281,2281,8.074555850497348e-06
2282,2282,1.8033722262611327e-05
2283,2283,0.0003578127286431444
2284,2284,0.00042237516323053955
2285,2285,0.0005168165734628675
2286,2286,0.00037751003520749725
2287,2287,0.0002023786672209081
2288,2288,9.078995648553845e-07
2289,2289,7.868672159208323e-07
2290,2290,5.858239742380869e-07
2291,2291,0.00027248535128919667
2292,2292,4.590276056997167e-05
2293,2293,4.0159729214705786e-07
2294,2294,7.266743185121904e-07
2295,2295,4.12044038634961e-06
2296,2296,1.4861757256531217e-06
2297,2297,2.0047038381857105e-06
2298,2298,2.711588694522877e-06
2299,2299,1.444980664456232e-06
2300,2300,0.0003877951529039859
2301,2301,5.937287392538651e-06
2302,2302,2.3230684122416306e-06
2303,2303,2.0634176690725734e-06
2304,2304,2.8602289210939016e-06
2305,2305,5.076738768975944e-06
2306,2306,4.233032439860934e-06
2307,2307,9.870298848191999e-07
2308,2308,1.8669352809664063e-06
2309,2309,1.9814955733846516e-06
2310,2310,6.785168543950187e-06
2311,2311,1.8518718110656338e-06
2312,2312,2.6390855150530403e-06
2313,2313,7.670799988443231e-06
2314,2314,1.1663967274234195e-05
2315,2315,4.074695916283541e-06
2316,2316,6.104306910404536e-06
2317,2317,1.3823079969376952e-06
2318,2318,6.563831116148472e-05
2319,2319,6.4438002499827314e-06
2320,2320,2.8294206144772992e-06
2321,2321,4.438466485239409e-06
2322,2322,1.3777401772960494e-06
2323,2323,5.346081471806746e-06
2324,2324,5.377666278924685e-06
2325,2325,8.197164235804575e-06
2326,2326,7.292073303300627e-06
2327,2327,9.318432405810478e-06
2328,2328,1.1798547340104144e-05
2329,2329,1.53991732149042e-05
2330,2330,7.769458753482101e-06
2331,2331,1.500645490560259e-05
2332,2332,0.0006782513852384565
2333,2333,2.3500992728173366e-05
2334,2334,0.000940666736301409
2335,2335,9.096109417607206e-05
2336,2336,0.0011170108710832803
2337,2337,0.0009678857817931542
2338,2338,0.0008088933305513999
2339,2339,6.326615794489914e-07
2340,2340,1.1049833565183115e-06
2341,2341,0.00010507971889539525
2342,2342,0.0005475422569080009
2343,2343,1.1184325234382967e-06
2344,2344,4.236604229706437e-05
2345,2345,6.267022753034878e-07
2346,2346,1.667292283277968e-06
2347,2347,2.398080831406735e-06
2348,2348,2.8793510712233384e-06
2349,2349,1.9536233999611843e-06
2350,2350,2.864156550818727e-05
2351,2351,5.1154965863573485e-06
2352,2352,1.5351939790188573e-06
2353,2353,4.637789054773333e-06
2354,2354,6.564722092969993e-06
2355,2355,5.430736118143343e-06
2356,2356,1.9659196580179712e-05
2357,2357,7.320429997284215e-06
2358,2358,1.842114344437265e-06
2359,2359,2.606820562910743e-06
2360,2360,2.8110719403707784e-06
2361,2361,2.8118894747535043e-06
2362,2362,1.0061578131085735e-06
2363,2363,1.0786800408645228e-05
2364,2364,6.149991185423341e-06
2365,2365,1.2934195152388058e-06
2366,2366,1.3570874462997106e-05
2367,2367,1.3510949418804211e-06
2368,2368,2.0795548284523384e-05
2369,2369,6.629637113251803e-06
2370,2370,2.302143906269077e-06
2371,2371,2.3025977232695103e-06
2372,2372,3.3970030278069525e-06
2373,2373,3.5159543730981096e-06
2374,2374,3.4183951166359373e-06
2375,2375,4.093859707250649e-06
2376,2376,1.3949232944374529e-05
2377,2377,4.781413879044796e-06
2378,2378,4.746293093651415e-06
2379,2379,2.5066032165580356e-06
2380,2380,0.00010542948468268853
2381,2381,0.0005869709798303678
2382,2382,0.000587311215741044
2383,2383,8.51769774507776e-07
2384,2384,3.610165013325379e-05
2385,2385,0.0009691295622903809
2386,2386,0.0007360603250139846
2387,2387,0.0009796227669624745
2388,2388,0.0003132037226009761
2389,2389,0.0014294352959619931
2390,2390,0.0004782296730434469
2391,2391,0.0006506163977405344
2392,2392,0.0008887077236038329
2393,2393,0.0001092346820593065
2394,2394,6.068474082498669e-05
2395,2395,8.174433646050809e-07
2396,2396,1.3087222277861528e-06
2397,2397,1.1170462525494973e-06
2398,2398,2.016827225222955e-06
2399,2399,3.5054478914530518e-06
2400,2400,1.4035867665507006e-06
2401,2401,8.631666975057928e-07
2402,2402,8.326832233811955e-06
2403,2403,5.395968330346254e-06
2404,2404,8.567735672434171e-06
2405,2405,9.424450694605105e-06
2406,2406,4.941758844049039e-06
2407,2407,7.266738258222702e-06
2408,2408,5.631355614457262e-06
2409,2409,4.486588011787869e-06
2410,2410,2.012452829583875e-06
2411,2411,3.223489708661088e-06
2412,2412,0.000463660133656796
2413,2413,1.3481162470065224e-06
2414,2414,6.309228468833102e-07
2415,2415,1.3506298265669014e-06
2416,2416,1.6227539447528557e-05
2417,2417,9.122927359207194e-07
2418,2418,4.465171844641961e-05
2419,2419,6.68296471825069e-06
2420,2420,5.657205494293367e-06
2421,2421,3.1869176139416916e-06
2422,2422,5.81456436189909e-06
2423,2423,2.9452382482005037e-06
2424,2424,7.1274381842099e-07
2425,2425,9.355966213103042e-06
2426,2426,7.532746428107486e-06
2427,2427,1.0143204648968445e-06
2428,2428,9.481014974000289e-07
2429,2429,3.4308031944530074e-05
2430,2430,0.0003147784236047197
2431,2431,0.0005189139129825378
2432,2432,0.00035045468385230165
2433,2433,0.0002917935463338662
2434,2434,3.7822698653559686e-05
2435,2435,0.0004908324570112151
2436,2436,0.00029948161903257475
2437,2437,0.0014567262478246
2438,2438,0.0020361061880461153
2439,2439,0.0003538004707520968
2440,2440,1.1846495183423396e-05
2441,2441,0.000487613816310654
2442,2442,0.0013200885869249432
2443,2443,1.5670589810970015e-06
2444,2444,5.480206062658486e-07
2445,2445,7.959596594266904e-07
2446,2446,1.5652886368749765e-06
2447,2447,1.668900010236339e-06
2448,2448,9.195920576544962e-06
2449,2449,2.1925341349289437e-06
2450,2450,7.473315561743026e-07
2451,2451,1.1187897396525662e-06
2452,2452,1.1467471550097102e-05
2453,2453,4.460382511718487e-05
2454,2454,1.2824665647094842e-05
2455,2455,7.058973065766069e-06
2456,2456,8.405768644715891e-06
2457,2457,5.9291972790240844e-06
2458,2458,3.977929773288428e-06
2459,2459,4.584459594838567e-06
2460,2460,2.8969412509500297e-06
2461,2461,4.2455381800591155e-06
2462,2462,9.337420475017502e-07
2463,2463,0.00017027564255960994
2464,2464,4.249351548594335e-06
2465,2465,9.980868853926612e-07
2466,2466,1.715889860521984e-05
2467,2467,5.407527136375812e-06
2468,2468,1.4078397217585089e-05
2469,2469,4.4584967744635575e-06
2470,2470,7.532530846067832e-06
2471,2471,2.3812130796023902e-05
2472,2472,1.8514316294733524e-05
2473,2473,1.299200308328213e-06
2474,2474,8.453590485119661e-07
2475,2475,8.734841689866656e-07
2476,2476,0.00028882433776996935
2477,2477,7.224564585695529e-07
2478,2478,9.80115849812311e-07
2479,2479,0.0004585998738809811
2480,2480,0.00030393356437871666
2481,2481,0.00011128543539128402
2482,2482,0.0005849555148500977
2483,2483,0.0002765766436910997
2484,2484,9.110863340673637e-07
2485,2485,3.6383418708308355e-05
2486,2486,0.00014076838296727957
2487,2487,0.000450846093466322
2488,2488,0.0004230166725205055
2489,2489,0.0004895226866540023
2490,2490,0.00022988382432153148
2491,2491,4.2108960335200567e-05
2492,2492,0.00032978383756304447
2493,2493,0.001754664126537961
2494,2494,5.084373272737455e-07
2495,2495,0.0003765703744044993
2496,2496,8.474968638808152e-07
2497,2497,2.2847719770657874e-06
2498,2498,3.117515431671942e-06
2499,2499,9.557289850666878e-07
